"Phase","Area","Workstream","Task","Status","Deployment State","Priority","Notes","Next Step"
"Phase 9","Infrastructure","Database","Active DATABASE_URL is stable and reachable","Pending","Not complete","P0","Recent Prisma migrate attempts failed with P1001","Fix DB provider/credentials first"
"Phase 9","Infrastructure","Deployment","Admin control-plane batch committed and pushed","Pending","Not started","P0","New /admin shell and APIs are local only","Ship alongside backend conversion or in a clean isolated batch"
"Phase 9","Infrastructure","Deployment","Render deployment synced with new admin control plane","Pending","Not started","P0","Stakeholder admin experience is not live until deploy completes","Deploy after push and smoke test"
"Phase 9","Infrastructure","Deployment","Local HR/Projects/Inventory backend work committed and pushed","Pending","Not started","P0","Worktree is ahead of main","Commit a clean backend batch after DB validation"
"Phase 9","Infrastructure","Deployment","Render deployment synced with latest local backend conversion","Pending","Not started","P0","Render is behind current local backend work","Deploy after commit/push"
"Phase 10","Integrations","Auth","Production Google OAuth credentials configured","Pending","Not complete","P1","Code support exists, env still needs live values","Add production client ID/secret"
"Phase 10","Integrations","Email","SMTP configured for real notifications and report delivery","Pending","Not complete","P1","Nodemailer path exists","Add SMTP env values and test delivery"
"Phase 10","Integrations","Uploads","Cloudinary configured for production uploads","Pending","Not complete","P1","Upload path exists but depends on env","Add Cloudinary env values and test portal/gallery/docs"
"Phase 10","Integrations","AI","Live AI provider keys configured","Pending","Partially complete","P0","Provider routing exists but production keys may not be stable","Set and validate chosen providers"
"Phase 10","Integrations","Payments","Paystack integration configured if required","Pending","Not complete","P2","Env placeholders exist","Decide scope and implement if needed"
"Phase 11","Quality","AI Quality","Continue tuning AI naturalness and business usefulness","Pending","Ongoing","P1","AI is improved but still needs product-quality refinement","Use real user prompts and tighten responses"
"Phase 11","Quality","Security","Execute remaining security hardening/VAPT backlog","Pending","Ongoing","P0","Docs exist but many controls remain to implement","Run phased hardening plan"
"Phase 11","Quality","Operations","Keep docs and OpenAPI spec aligned with shipped code","Pending","Ongoing","P1","Docs now exist and need maintenance discipline","Update docs in every feature batch"
"Phase 11","Quality","Release Discipline","Separate committed production-ready work from local experiments","Pending","Ongoing","P0","Local worktree is carrying many in-progress changes","Ship smaller isolated batches"
"Phase 12","Tenant Lifecycle","Workspace Provisioning","Invite acceptance flow for seeded users implemented","Pending","Not started","P0","Stakeholder admins can be created, but acceptance/onboarding is not finished","Build invite acceptance and completion flow"
"Phase 12","Tenant Lifecycle","Workspace Access","Multi-workspace membership and org switching implemented","Pending","Not started","P0","Founder/support workflows will need to move across workspaces cleanly","Design membership model and switcher"
"Phase 12","Tenant Lifecycle","Workspace Governance","Workspace suspension, archive, and restore controls implemented","Pending","Not started","P1","You need a lifecycle for dormant or non-compliant stakeholder orgs","Add org status controls and UI"
"Phase 12","Tenant Lifecycle","Entitlements","Org-level feature flags and lifecycle states implemented","Pending","Not started","P1","Required for staged rollout and plan control","Add feature flag and org state model"
"Phase 12","Tenant Lifecycle","Authorization","Action-level RBAC matrix enforced across modules","Pending","Not started","P0","Current auth is stronger, but not yet a full action matrix","Define and enforce per-action permissions"
"Phase 13","Commercial","Billing","Seat and entitlement model implemented","Pending","Not started","P1","Stakeholder workspaces need plan-aware limits","Define seat model and enforcement"
"Phase 13","Commercial","Billing","Billing and subscription admin console implemented","Pending","Not started","P1","Admins need visibility into plan and seats","Build billing summary and controls"
"Phase 13","Commercial","Feature Gating","Plan-aware feature gating implemented","Pending","Not started","P1","Needed to sell multiple tiers without code forks","Add entitlements to routes and UI"
"Phase 13","Commercial","Lifecycle","Trial, upgrade, and downgrade flows implemented","Pending","Not started","P2","Commercial readiness improves with self-service lifecycle","Add commercial lifecycle rules"
"Phase 14","Reliability","Observability","Production error tracking and alerting configured","Pending","Not started","P0","You should know when auth, AI, uploads, or DB fail in production","Configure monitoring and alerting"
"Phase 14","Reliability","Observability","Structured logs and uptime monitoring configured","Pending","Not started","P1","Support and operations need visibility into live failures","Add log aggregation and uptime checks"
"Phase 14","Reliability","Async Work","Background jobs and queue system implemented","Pending","Not started","P1","Digests, webhooks, and retries should not depend on request-response timing","Add async job infrastructure"
"Phase 14","Reliability","Recovery","Backup and restore workflow documented and tested","Pending","Not started","P0","Production data safety is not optional","Define backup plan and run restore drills"
"Phase 14","Reliability","Recovery","Incident response runbook operationalized","Pending","Not started","P1","The docs exist, but the operating motion does not yet","Create and test response workflow"
"Phase 15","Data Governance","Import/Export","CSV importers for CRM, HR, inventory, and accounting implemented","Pending","Not started","P1","Real customers will want to move data in fast","Build import tools and mapping UX"
"Phase 15","Data Governance","Import/Export","Admin export center for operational and compliance data implemented","Pending","Not started","P1","Stakeholders will need consistent exports beyond isolated reports","Add central export surface"
"Phase 15","Data Governance","Recovery","Soft delete and record recovery flows implemented","Pending","Not started","P1","Accidental deletion without recovery will hurt trust","Add reversible delete patterns"
"Phase 15","Data Governance","Compliance","Data retention and purge controls implemented","Pending","Not started","P1","Needed for governance and NDPA discipline","Define retention policy and jobs"
"Phase 15","Data Governance","Compliance","NDPA/privacy request workflow implemented","Pending","Not started","P1","Privacy requests should be operational, not only documented","Add request handling workflow"
"Phase 15","Data Governance","Governance","Approval center for sensitive actions implemented","Pending","Not started","P1","High-risk actions need approvals and evidence","Build approval center and audit tie-in"
"Phase 15","Data Governance","Branding","White-label and enterprise branding controls implemented","Pending","Not started","P2","Important for polished stakeholder rollout, but not a launch blocker","Add branding controls later"
"Phase 16","Support","Customer Success","In-product help center and onboarding content implemented","Pending","Not started","P2","Users need a support surface that does not depend on you manually answering everything","Build help center and guides"
"Phase 16","Support","Support Ops","Support impersonation with audit trail implemented","Pending","Not started","P1","Support needs controlled access for troubleshooting","Add audited impersonation or support sessions"
"Phase 16","Support","Customer Success","Customer usage and health analytics implemented","Pending","Not started","P2","Useful for renewals and stakeholder expansion","Add adoption and health reporting"
"Phase 16","Support","Communication","Release notes and changelog workflow implemented","Pending","Not started","P2","Customers should see product progress clearly","Add changelog discipline"
"Phase 16","Go-To-Market","Quality","Accessibility and mobile QA sweep completed","Pending","Not started","P1","Pitching stakeholders on unstable mobile/accessibility experiences is risky","Run QA sweep and fix findings"
"Phase 16","Go-To-Market","Readiness","Stakeholder pitch readiness gate completed","Pending","Not started","P0","You need a formal go/no-go checklist before handing this to serious stakeholders","Use the pitch-readiness document as the gate"
